{
    "P0": [-0.02595167,  0.8523917 ,  0.12572524],
    "P1": [0.0439653 , 0.85237297, 0.12583492],
    "P2": [-0.0249712 ,  0.88233544,  0.12582908],
    "injecteur": [-0.35783121664972006, -0.2558472234496133, 0.18701865215398125],
    "box": [-0.06721406482480582, 0.46819916287833735, 0.0013963899393563683]
}
